hash,nonce,block_hash,block_number,transaction_index,from_address,to_address,value,gas,gas_price,input,timestamp
0xea2cdde12b81121cd44a0a8e43264853cdd5fd984522e8297c5269702a122e7d,0,0x0000000000000000000000000000000000000000000000000000000000000000,,0,0x01c10eaacecb90c9ba52d57a4965499f762bb17e,0x0d152b9ee87ebae179f64c067a966dd716c50742,0,55000,5300000000,0xa9059cbb0000000000000000000000007b2428a55379eda456655226ecb989375240dfb5000000000000000000000000000000000000000000000000000000000000000a,1547566094.9916964
0xbced3801f60736503b3bc00dfedb258f08b621d37c410cb5adc47e413015bf34,19,0x0000000000000000000000000000000000000000000000000000000000000000,,0,0xa3abc3151455499766ee3ca4ff846c8a5b72f2a5,0x9feb4edd74a3bd6c41701e71ff5f8c196ee922b5,100000000000000,25200,5687500000,0x,1547566096.5217156
0xc10da366425540222028ee0e1c8aad0a83e2a9331c2360282f002b22e1ccd1db,2713,0x0000000000000000000000000000000000000000000000000000000000000000,,0,0xb55a183bf5db01665f9fc5dfba71fc6f8b5e42e6,0x8b54659df7b719cb9b5212211d2d24b0a5d35605,0,100000,10000000000,0xa9059cbb000000000000000000000000bee53b79b02055e4f29ad0167e2a331aa82adbd700000000000000000000000000000000000000000000000000000000903e4500,1547566096.5217156
0xcc74d60cabbae61c064617c4624422bf8478bc2b09b6b1831de7eb59628614ed,15743,0x0000000000000000000000000000000000000000000000000000000000000000,,0,0x5de93d6c9a875615f92f2587dd7c74f2d2a20730,0xe3c51fc064053ebc5a802e6f1d2897bf457c244f,0,80000,20000000000,0xa9059cbb0000000000000000000000008f4b973fee3aa59ef2928aa843a9496c708e7065000000000000000000000000000000000000000000000000268ca62c71df8800,1547566096.5217156
0x750897ef894ad0bbbc65dfae135d08caee993cabc983bdcf00f1aac3a5173993,153,0x0000000000000000000000000000000000000000000000000000000000000000,,0,0x05e6a95b9c10f2f69176a8f90b87222fbfe31261,0xf5bec430576ff1b82e44ddb5a1c93f6f9d0884f3,48988640000000000,166666,50000000000,0x,1547566096.5217156
0x9f780cd2e75517572f8cae7368ccfdc3d44f9d2c6bb93d5448ae6b76308e2458,0,0x0000000000000000000000000000000000000000000000000000000000000000,,0,0x55ef2833f8cfbabdd68de4b7ce72ca1a4dc362f3,0x540e5fff293f523acd26291b5bc7ac5713991feb,0,90000,10000000000,0xa9059cbb000000000000000000000000ed687343af26d77883886df2f05643be274e3e1e000000000000000000000000000000000000000000000000000000002ed0a835,1547566096.5217156
0x2250a11173117fbfa69b9e5ac2881a42301dde90b60f148a6674c54e55d80718,4092,0x0000000000000000000000000000000000000000000000000000000000000000,,0,0x6cbaef2ce855f55927c336e17bd820e07bdbf595,0x6a5b98d289f3feb7e30d7283e29156fc1731b341,650697970000000000,21000,11000000000,0x,1547566096.5217156
0xd39cddc3f22d6b783014e3f92646c815240eeece86cbfb0e3b64b849fc39ac91,153,0x0000000000000000000000000000000000000000000000000000000000000000,,0,0x5378c13812f688e352a03c8955835c1276cf6fe6,0xe4c89b9fcab29c5bee3971b698cca4528f2644e2,100358635697525335,21000,12000000000,0x,1547566096.5217156
0xf07be9fb024b737c8bcec4e665b8b3fbd17009132455389c4b84667025c20c6f,46,0x0000000000000000000000000000000000000000000000000000000000000000,,0,0x996009ed3e1f35998ccf6ee4a093cc8c1bf53329,0xae9b8e05c22bae74d1e8db82c4af122b18050bd4,0,1000000,10000000000,0x51cff8d90000000000000000000000000000000000000000000000000000000000000000,1547566096.5217156
0x3f2d10bf149a48a080141e7e48a76ca1dc58d51a40375b53490209f7ea72a3b8,252096,0x0000000000000000000000000000000000000000000000000000000000000000,,0,0xe03c23519e18d64f144d2800e30e81b0065c48b5,0x3c7b3cbe27fcca8decfaa0bf63297b2b7a75d16f,13998000000000000000,90000,21000000000,0x,1547566096.5217156
0x0b94bd73f2f758047426a4874cb1fd1df0705605fa8af3f511d1214b22ffa963,175605,0x0000000000000000000000000000000000000000000000000000000000000000,,0,0xabaf790eb22618275fdb47671fc6eab57b2ee04e,0x097b3b7cb01945ba7e76804ddc2fdda2cce6ef43,0,78556,11312500000,0x64887334000000000000000000000000000000000000000000000000000000000000008000000000000000000000000000000000000000000000000000000000000000e000000000000000000000000000000000000000000000000000000000006be56d000000000000000000000000000000000000000000000000000000000000014000000000000000000000000000000000000000000000000000000000000000020d01f323143707bf3dd8143600270000000000000000000000000000000000003804c5f90025df000000000000000000000000000000000000000000000000000000000000000000000000000000000000000000000000000000000000000002f4fe0fd8e4c9fa46d600eec700d7000000000000000000000000000000000000ccf23c0200cd1c00000000000000000000000000000000000000000000000000000000000000000000000000000000000000000000000000000000000000000200000000000000000000000000000000000000000000000000000000000000000000000000000000000000000000000000000000000000000000000000000001,1547566096.5217156
0xb6b6f9a21ad55c7c89d7b9fab5bf2ccfd78f0405af9db5b0c48240f128934321,10,0x0000000000000000000000000000000000000000000000000000000000000000,,0,0xeab801021a22c62c4c08471dd518c27b24039d8b,0xc02aaa39b223fe8d0a0e5c4f27ead9083c756cc2,2000000000000000000,42519,6000000000,0xd0e30db0,1547566096.5217156
