transaction_hash,transaction_index,block_hash,block_number,cumulative_gas_used,gas_used,contract_address,root,status,effective_gas_price,l1_fee,l1_gas_used,l1_gas_price,l1_fee_scalar
0x88a4b9b38bf34c92ec9547d67fe0d96afd44d5c00fc5332b42c21396ca8a9d99,0,0x7aac6858705bb7d74c05a3b5278504a58e2fc598975e979ac49085251119a2f4,52395713,39523,39523,,,1,350525954769,,,,
0x1ab0c09b4439d59dfa182087e8cd8180d8b58e0331c2b66abe8b126252de4260,1,0x7aac6858705bb7d74c05a3b5278504a58e2fc598975e979ac49085251119a2f4,52395713,79046,39523,,,1,355430351718,,,,
0xaf6f28f41cdfe4cdab4b5cf7fc31ce3749db5378f12c95bbf0c718272baf594c,2,0x7aac6858705bb7d74c05a3b5278504a58e2fc598975e979ac49085251119a2f4,52395713,135669,56623,,,1,360216216500,,,,
0x30ed47151b597d8ccc283b996eb785f4d5ce9d8fc7c0fb925613b806a84e575f,3,0x7aac6858705bb7d74c05a3b5278504a58e2fc598975e979ac49085251119a2f4,52395713,175192,39523,,,1,355430351718,,,,
0xeff79e666802d2e16b9b19942c61c20a0da2ce23564e1ae8c4fd511778ac313a,4,0x7aac6858705bb7d74c05a3b5278504a58e2fc598975e979ac49085251119a2f4,52395713,482432,307240,,,1,348695440721,,,,
0x9d17c5df3a5e80689169ac4f44d54984f86b8e1e200673e405970055adeb4256,5,0x7aac6858705bb7d74c05a3b5278504a58e2fc598975e979ac49085251119a2f4,52395713,916108,433676,,,1,343291797440,,,,
0xd2c3b07ebc8c28752c520bedb31fabd725ad7f77ed1f0cb0fea82ffc334df412,6,0x7aac6858705bb7d74c05a3b5278504a58e2fc598975e979ac49085251119a2f4,52395713,967880,51772,,,1,341155953292,,,,
0x62e06cf8544d1f3f482a0709190f8e01a3947699813d3cdc01b81e4a7fef4c35,7,0x7aac6858705bb7d74c05a3b5278504a58e2fc598975e979ac49085251119a2f4,52395713,1008151,40271,,,1,331548412190,,,,
0x311e91c3699fa89c5ed0779f09a4385aa1957830ce37bb857ff4fa88a0708468,8,0x7aac6858705bb7d74c05a3b5278504a58e2fc598975e979ac49085251119a2f4,52395713,1184672,176521,,,1,314367165132,,,,
0xb3cde98e17ad275abca87ed48ecdd416e710039aed48d222e74d0ee5c5aff27b,9,0x7aac6858705bb7d74c05a3b5278504a58e2fc598975e979ac49085251119a2f4,52395713,1289908,105236,,,1,312591984922,,,,
0x795261031c39a9c9a0dcca02ddae6bcea1c899c7755bdf5fa7a19b644729ba51,10,0x7aac6858705bb7d74c05a3b5278504a58e2fc598975e979ac49085251119a2f4,52395713,1466407,176499,,,1,304562336290,,,,
0x92bc897aef9c1ce8155a64b8792fc6028c39b73ec55e12cae4f872eb32e211ce,11,0x7aac6858705bb7d74c05a3b5278504a58e2fc598975e979ac49085251119a2f4,52395713,1685651,219244,,,1,296268622676,,,,
0x235f9cc7b0961fed550afa58f774e5fc239fe8dd0123070fa8109e887763304e,12,0x7aac6858705bb7d74c05a3b5278504a58e2fc598975e979ac49085251119a2f4,52395713,1902107,216456,,,1,296268622676,,,,
0x8af660c09d8257a5a55d1d1d7006bbe1dea01677dc451a68b255a5a835936d8a,13,0x7aac6858705bb7d74c05a3b5278504a58e2fc598975e979ac49085251119a2f4,52395713,2078664,176557,,,1,293194309268,,,,
0xc8a9953c21bc924087c7daa9ed9855143550a857f4d9d89b4b8ccf7c4e209c0c,14,0x7aac6858705bb7d74c05a3b5278504a58e2fc598975e979ac49085251119a2f4,52395713,2255413,176749,,,1,293194309268,,,,
0x6d7da9b45f7d62d76fc3c46ed921e4b9072e6a072028ec1333da137a56829834,15,0x7aac6858705bb7d74c05a3b5278504a58e2fc598975e979ac49085251119a2f4,52395713,2431936,176523,,,1,293194309268,,,,
0xf2662dd650be6836b76ae1dd8ea2e85d2a4c1e4c3450bcbbe1489de8b9d1cd77,16,0x7aac6858705bb7d74c05a3b5278504a58e2fc598975e979ac49085251119a2f4,52395713,2529093,97157,,,1,292820652994,,,,
0x22d995739d1aa906718c5560bf91d8a90c2362c904ae5ed3258e644198071c23,17,0x7aac6858705bb7d74c05a3b5278504a58e2fc598975e979ac49085251119a2f4,52395713,2705796,176703,,,1,289671286330,,,,
0x6c61bc3394b5e627b639b8ecd84a4fe98de25af775a9a9687f7e08c44bed7328,18,0x7aac6858705bb7d74c05a3b5278504a58e2fc598975e979ac49085251119a2f4,52395713,2878156,172360,,,1,288278412190,,,,
0x8e388efbce5f66639fd8c79ae08c0c8b42df66e26453d83353d5c59b025a6d2a,19,0x7aac6858705bb7d74c05a3b5278504a58e2fc598975e979ac49085251119a2f4,52395713,2931495,53339,,,1,288278412190,,,,
0xaae610fc6197d928a457d952f06344120e92bcef44f5a56a034dc9f0c9c3ce1a,20,0x7aac6858705bb7d74c05a3b5278504a58e2fc598975e979ac49085251119a2f4,52395713,3197521,266026,,,1,288278412190,,,,
0xd3098751ec9368e9d557979ad0bdd125e9de2434e769d2a7f5bf90d9a669f1c3,21,0x7aac6858705bb7d74c05a3b5278504a58e2fc598975e979ac49085251119a2f4,52395713,3356091,158570,,,1,288268412190,,,,
0x4890fa126500b07d6d1d717216cf3f4f852834d6910672194af72c5a96c502e7,22,0x7aac6858705bb7d74c05a3b5278504a58e2fc598975e979ac49085251119a2f4,52395713,3677998,321907,,,1,288268412190,,,,
0xd345065040a86b411e3246121c5feb28d95ff0b735ec02d0bba0cd7f981b4d40,23,0x7aac6858705bb7d74c05a3b5278504a58e2fc598975e979ac49085251119a2f4,52395713,3729770,51772,,,1,288268412190,,,,
0x72413a777ce2d5f4dd1377cd88bf04d0cf3048a1033dc2d473ba1a927476ff59,24,0x7aac6858705bb7d74c05a3b5278504a58e2fc598975e979ac49085251119a2f4,52395713,4051411,321641,,,1,288268412190,,,,
0x09e2f93a484ae3bf0a24ed9390999e9dfb50fd8c2dc422702bade071d416874f,25,0x7aac6858705bb7d74c05a3b5278504a58e2fc598975e979ac49085251119a2f4,52395713,4157279,105868,,,1,282653432569,,,,
0x90054c8f6ac5ae74979bdb10080e83555fd1b6840aa724015c4911c887f4272d,26,0x7aac6858705bb7d74c05a3b5278504a58e2fc598975e979ac49085251119a2f4,52395713,4256195,98916,,,1,270205180582,,,,
0xf76d24258097be5af16c4199e4396735c7e9d83160fac6882580165032e18a3d,27,0x7aac6858705bb7d74c05a3b5278504a58e2fc598975e979ac49085251119a2f4,52395713,4333177,76982,,,1,267757314345,,,,
0x5f74e33f25a5b3b5f0c40d60f15b496f0fb2ae16e512f49301de71ecf5c7408a,28,0x7aac6858705bb7d74c05a3b5278504a58e2fc598975e979ac49085251119a2f4,52395713,4410159,76982,,,1,267757314345,,,,
0xc4ac95a47372df98e1c5ac532eed51efe27032e41f186184b8ff1ffec9c83a76,29,0x7aac6858705bb7d74c05a3b5278504a58e2fc598975e979ac49085251119a2f4,52395713,4681584,271425,,,1,267757314345,,,,
0x2622174b453774dfd02f126212cb68d0d30f4ef5380a1a10e93171184af85c80,30,0x7aac6858705bb7d74c05a3b5278504a58e2fc598975e979ac49085251119a2f4,52395713,4856628,175044,,,1,267081503937,,,,
0x26a201f2c7a0471fd4ab0f7f5c6bf11ae49da4bf6b4c77a45f7c31a367777ee4,31,0x7aac6858705bb7d74c05a3b5278504a58e2fc598975e979ac49085251119a2f4,52395713,5033125,176497,,,1,267081503937,,,,
0x6eb9add18c3696b57e5061a7b855b5a58270a3bd104020808c6b5d5dca21f750,32,0x7aac6858705bb7d74c05a3b5278504a58e2fc598975e979ac49085251119a2f4,52395713,5125329,92204,,,1,265364381954,,,,
0x681e0399f33b7145c30f8e1cef9131138b7c58a45ded4c95e99071beca04fe76,33,0x7aac6858705bb7d74c05a3b5278504a58e2fc598975e979ac49085251119a2f4,52395713,5175271,49942,,,0,264727020222,,,,
0xe14414811443a0435a1853e72da6a2521716ab76a86612081dec041a09d22c70,34,0x7aac6858705bb7d74c05a3b5278504a58e2fc598975e979ac49085251119a2f4,52395713,5229480,54209,,,1,264727020222,,,,
0xa2f8f9944c235fd83d033ee3de622c552a382f9ab3fb94d2e294da2caee847e6,35,0x7aac6858705bb7d74c05a3b5278504a58e2fc598975e979ac49085251119a2f4,52395713,5304165,74685,,,1,264727020222,,,,
0xf9bb3441585c5107e423ae577b611bacd6d23f2f3417776d52d689424a80b899,36,0x7aac6858705bb7d74c05a3b5278504a58e2fc598975e979ac49085251119a2f4,52395713,5396381,92216,,,1,264727020222,,,,
0xacc248f5cfe413382a7741dfc1ba2ffdca9b35360c6e37d4fe0d47de122c59fa,37,0x7aac6858705bb7d74c05a3b5278504a58e2fc598975e979ac49085251119a2f4,52395713,5499527,103146,,,1,264165696886,,,,
0x29dcc408a1e784ce95fe0a7580efba4ad28c195eddd3ad2653fb7485ac738911,38,0x7aac6858705bb7d74c05a3b5278504a58e2fc598975e979ac49085251119a2f4,52395713,6045795,546268,,,1,263640397113,,,,
0x2ccf7fe62b7b87335d1addd023fc4652d6369079620626c02b4cfc64eb92bdc5,39,0x7aac6858705bb7d74c05a3b5278504a58e2fc598975e979ac49085251119a2f4,52395713,6122765,76970,,,1,263640397113,,,,
0xc60183c3e8c8dac6fcc52751feb915428405f92b2403952499f9b4a8e91507fb,40,0x7aac6858705bb7d74c05a3b5278504a58e2fc598975e979ac49085251119a2f4,52395713,6299238,176473,,,1,258605150694,,,,
0xb01eaaccef4e7255d9fa961cfff347522c831870134a91752a14d41dacad5f5b,41,0x7aac6858705bb7d74c05a3b5278504a58e2fc598975e979ac49085251119a2f4,52395713,6475893,176655,,,1,254522001749,,,,
0xb5072bb17328ff1b74f3621a6c8ac308ded0e24c5e942ca66807b06e7000ac39,42,0x7aac6858705bb7d74c05a3b5278504a58e2fc598975e979ac49085251119a2f4,52395713,6650925,175032,,,1,253120190091,,,,
0x392ea988d8e69909453e9a289da390ac5d19e542410b4d096cd8718de3cefd27,43,0x7aac6858705bb7d74c05a3b5278504a58e2fc598975e979ac49085251119a2f4,52395713,6827220,176295,,,1,253120190091,,,,
0x166eeca4627e2253ca8df9417f2af841ea2644545b361cdbca552e97a2225f33,44,0x7aac6858705bb7d74c05a3b5278504a58e2fc598975e979ac49085251119a2f4,52395713,7003719,176499,,,1,253120190091,,,,
0xa88bb26c8b00fe526da865e3b0f615e4c4df60032fb310355dc5eb7b2e30d725,45,0x7aac6858705bb7d74c05a3b5278504a58e2fc598975e979ac49085251119a2f4,52395713,7180240,176521,,,1,253120190091,,,,
0x94891d40d2cd17d50179c989c6a4b7a7f07c123654111b159097e7bbaa0e8d7f,46,0x7aac6858705bb7d74c05a3b5278504a58e2fc598975e979ac49085251119a2f4,52395713,7356775,176535,,,1,253120190091,,,,
0x4f5120535900beffaa6016f73c81545bb522fbb91cff035e7cbfb45f9f3cf8ca,47,0x7aac6858705bb7d74c05a3b5278504a58e2fc598975e979ac49085251119a2f4,52395713,7533442,176667,,,1,253120190091,,,,
0x9805a05ad6bd678ac2d29d880412bd430188cda3a2ce93d385fc9762a9ab02da,48,0x7aac6858705bb7d74c05a3b5278504a58e2fc598975e979ac49085251119a2f4,52395713,7709929,176487,,,1,253120190091,,,,
0x3f9a5087ffaf17f8b8ed46ec1dc9090dd736bf1d7c841e52ec76d226e37be506,49,0x7aac6858705bb7d74c05a3b5278504a58e2fc598975e979ac49085251119a2f4,52395713,7886498,176569,,,1,253120190091,,,,
0x8ca9727a192121cb930469cc73a054a8e68ed94da0467b06528209d9a7ffdf99,50,0x7aac6858705bb7d74c05a3b5278504a58e2fc598975e979ac49085251119a2f4,52395713,8063201,176703,,,1,253120190091,,,,
0x00ebacb6e3527612ae226be22df8f7f436c702d8e1935a86b1988602a2ac8323,51,0x7aac6858705bb7d74c05a3b5278504a58e2fc598975e979ac49085251119a2f4,52395713,8109850,46649,,,1,249484757098,,,,
0xd5d315570d7923821db861ea3f23b4bb7d9a17306e1df992387804f6ce4946b0,52,0x7aac6858705bb7d74c05a3b5278504a58e2fc598975e979ac49085251119a2f4,52395713,8130850,21000,,,1,249484757098,,,,
0x57a572b8f53a380e675727bfd4b476a600c45112b04837c6486ddc88dbf12ce9,53,0x7aac6858705bb7d74c05a3b5278504a58e2fc598975e979ac49085251119a2f4,52395713,8256848,125998,,,1,229326462818,,,,
0xe2f2a1374c7ec8e055e65d497f86fb947d48757358ab6cb7bf9689f841619fd5,54,0x7aac6858705bb7d74c05a3b5278504a58e2fc598975e979ac49085251119a2f4,52395713,8382834,125986,,,1,229326462818,,,,
0x2c0887e29674ea4a66fc8bfbbcf60b59e411d11d108982275a4cab2c8ac28b6c,55,0x7aac6858705bb7d74c05a3b5278504a58e2fc598975e979ac49085251119a2f4,52395713,8572771,189937,,,1,221723954646,,,,
0x025c74a81531dfb14d26a281e7e4661f89b35d9d71200a0eb903295a5f7e6a17,56,0x7aac6858705bb7d74c05a3b5278504a58e2fc598975e979ac49085251119a2f4,52395713,8762708,189937,,,1,221723954646,,,,
0xf08f5262182cbe8ed0977ddb6abbda6394b54d39d68d032dbb621debc644161b,57,0x7aac6858705bb7d74c05a3b5278504a58e2fc598975e979ac49085251119a2f4,52395713,8814780,52072,,,1,215000000000,,,,
0xb68e38145251c78acff218a181af22899f37e6ebe76757eb42d73e643d71a175,58,0x7aac6858705bb7d74c05a3b5278504a58e2fc598975e979ac49085251119a2f4,52395713,9004659,189879,,,1,213758412190,,,,
0xd965af88e46079bbd2a5fd38704f2f0d0aaea352e8dd32d2b1deb5f5ae91ea4f,59,0x7aac6858705bb7d74c05a3b5278504a58e2fc598975e979ac49085251119a2f4,52395713,9181204,176545,,,1,213596399097,,,,
0xceb6d5208b292d1e3529f26b3e09bfb5f63d4dbcfd6a4a091ae80cd277cb2ca2,60,0x7aac6858705bb7d74c05a3b5278504a58e2fc598975e979ac49085251119a2f4,52395713,9202204,21000,,,1,197548412190,,,,
0xc732d010524a5d69e2112b0b6acb39ee338861b8488f2e216f3cbd6829de3187,61,0x7aac6858705bb7d74c05a3b5278504a58e2fc598975e979ac49085251119a2f4,52395713,9435743,233539,,,1,193131543311,,,,
0xe6aad99a9ad9d144a35f1b0a0bcf69124e895fa12ccda30f09f48374d7fdaaeb,62,0x7aac6858705bb7d74c05a3b5278504a58e2fc598975e979ac49085251119a2f4,52395713,9480784,45041,,,1,192160760693,,,,
0xa4e4d840d24b936d906e6960276d0f2c7b03b4920e1355ca488872c92d34967b,63,0x7aac6858705bb7d74c05a3b5278504a58e2fc598975e979ac49085251119a2f4,52395713,9659625,178841,,,1,191000000000,,,,
0x8f6b6d02f9f23406cf2bd04201ebad183fa1c584f77ef77d525f843b9c93c6b9,64,0x7aac6858705bb7d74c05a3b5278504a58e2fc598975e979ac49085251119a2f4,52395713,9733863,74238,,,1,191000000000,,,,
0x3c2354d2d7309a6d597dc7803951b6a7ab981032f0b374456d63482cadb4601e,65,0x7aac6858705bb7d74c05a3b5278504a58e2fc598975e979ac49085251119a2f4,52395713,9808101,74238,,,1,191000000000,,,,
0x477f525f810981bb282f7d36b35c956f5e6bf8560cd62354d97438bb1903ee53,66,0x7aac6858705bb7d74c05a3b5278504a58e2fc598975e979ac49085251119a2f4,52395713,9882339,74238,,,1,191000000000,,,,
0xf9c733c1242439619f4333eeebc802a5fddbf6f7a36d3e1d494512e66af9fcc2,67,0x7aac6858705bb7d74c05a3b5278504a58e2fc598975e979ac49085251119a2f4,52395713,9911688,29349,,,1,190123235000,,,,
0x1494e7a04a855e9738cebd7dcde777e2456e0c4662cae3aedd811cabe1e9b7d6,68,0x7aac6858705bb7d74c05a3b5278504a58e2fc598975e979ac49085251119a2f4,52395713,9940981,29293,,,1,190123235000,,,,
0x431997275a057146fbed340d8b64d0fbd048d5c5a48550a0edb6ecb57139a3e7,69,0x7aac6858705bb7d74c05a3b5278504a58e2fc598975e979ac49085251119a2f4,52395713,9961981,21000,,,1,188900000000,,,,
0x6d87c834ae4457fa87a50695e2424837246030841c3dca7a2eb56f5a2e470b95,70,0x7aac6858705bb7d74c05a3b5278504a58e2fc598975e979ac49085251119a2f4,52395713,9982981,21000,,,1,187284804825,,,,
0xac281e6ed9ca70d62d266b26f5d2b04f0729e06468c3b28c9539f9f1baa46922,71,0x7aac6858705bb7d74c05a3b5278504a58e2fc598975e979ac49085251119a2f4,52395713,10113104,130123,,,1,183696873819,,,,
0x2d576abbdd8859ce5d9d2fa5a27e6d76b8f506da88316698f9d4cdc846f199a9,72,0x7aac6858705bb7d74c05a3b5278504a58e2fc598975e979ac49085251119a2f4,52395713,10253273,140169,,,1,183696873819,,,,
0x2d813a3656de9120e42edb3b1021e3a4d9b0af4f8d22d8fe64bb448a55035afe,73,0x7aac6858705bb7d74c05a3b5278504a58e2fc598975e979ac49085251119a2f4,52395713,10294271,40998,,,1,177846150110,,,,
0x4a12cd7a2232b0a5c8c2efc4e79c6a9491f60cad4141a30adb75a91f9f264bed,74,0x7aac6858705bb7d74c05a3b5278504a58e2fc598975e979ac49085251119a2f4,52395713,10514335,220064,,,1,176614329638,,,,
0x1ed0756a0d615ae3d1c36f8b711f66a125fa4bdda5fcc11093345a522774b509,75,0x7aac6858705bb7d74c05a3b5278504a58e2fc598975e979ac49085251119a2f4,52395713,10551492,37157,,,1,175692391796,,,,
0x236d3cbe782b4d557e13e9b17808a64b15738715bc931a3d705725be00b29f4a,76,0x7aac6858705bb7d74c05a3b5278504a58e2fc598975e979ac49085251119a2f4,52395713,10572492,21000,,,1,175310381907,,,,
0xcaad5a14766bad3ed036af49b9c5ee4ea3f1838474030fa101d9664074866bd5,77,0x7aac6858705bb7d74c05a3b5278504a58e2fc598975e979ac49085251119a2f4,52395713,10911176,338684,,,1,169911218638,,,,
0xcc73da1d2c026e7c0fe5d931fd8bd951fda7051481a5ccd4897a24273bdaba88,78,0x7aac6858705bb7d74c05a3b5278504a58e2fc598975e979ac49085251119a2f4,52395713,11429612,518436,,,1,165579968101,,,,
0x69ea9615ebb28a22a024f7320111ac3b00dd994e1fd2321adbc12a69e9c85948,79,0x7aac6858705bb7d74c05a3b5278504a58e2fc598975e979ac49085251119a2f4,52395713,11642342,212730,,,1,165579968101,,,,
0xc6470b55987fc9fe1fd9680d8301621c152ff4e23819fcd4f218f4b45c379fd5,80,0x7aac6858705bb7d74c05a3b5278504a58e2fc598975e979ac49085251119a2f4,52395713,11663342,21000,,,1,162246644567,,,,
0x3dd316b5ebb22d0463a6501d0f87c2720f7e7499bf23e1dc6c84b13876e9149e,81,0x7aac6858705bb7d74c05a3b5278504a58e2fc598975e979ac49085251119a2f4,52395713,11716500,53158,,,1,161051359146,,,,
0x41912b36e0d46802ba99b7525859b9751f382ca615d740e521073c5cd7e107b1,82,0x7aac6858705bb7d74c05a3b5278504a58e2fc598975e979ac49085251119a2f4,52395713,11836142,119642,,,1,160009013357,,,,
0x698d673032e2cf9860c6dbba40586ba838987c8d829c928fae000633732b6209,83,0x7aac6858705bb7d74c05a3b5278504a58e2fc598975e979ac49085251119a2f4,52395713,13246666,1410524,,,1,159548412190,,,,
0x4ce366ff78ae55809d93a8a3ee3cdee7f1d0e370ba8ab58d9aa351ffc0165869,84,0x7aac6858705bb7d74c05a3b5278504a58e2fc598975e979ac49085251119a2f4,52395713,13330974,84308,,,1,157548412190,,,,
0x916d9d223a7a50580d070e69d3e83429a228f1defcac5e17f500216fccdc476a,85,0x7aac6858705bb7d74c05a3b5278504a58e2fc598975e979ac49085251119a2f4,52395713,13362839,31865,,,1,157000000000,,,,
0x595d10d0a7c14abcd74c629a733cf864948dd1fa94f8bb94ec09bb9200a7af3f,86,0x7aac6858705bb7d74c05a3b5278504a58e2fc598975e979ac49085251119a2f4,52395713,13408505,45666,,,0,155446339157,,,,
0x271da1000d101947e96b407d2aa795a8c2b829f6d2429e01246c51fcf23b7d28,87,0x7aac6858705bb7d74c05a3b5278504a58e2fc598975e979ac49085251119a2f4,52395713,13429505,21000,,,1,154762412190,,,,
0xfbba53ca2787ad20298470d35725c7bc34b26389cf74ad84de2ab1b56fb397de,88,0x7aac6858705bb7d74c05a3b5278504a58e2fc598975e979ac49085251119a2f4,52395713,13586579,157074,,,1,153930422079,,,,
0xdcab6479584b5afad384668ffcd019abd4cf1974ec0a7bd6bf351694d8268189,89,0x7aac6858705bb7d74c05a3b5278504a58e2fc598975e979ac49085251119a2f4,52395713,13743653,157074,,,1,153930422079,,,,
0x21931797f68924073f82c97c07cc5630365032fe3a598945442a3aa437430ad3,90,0x7aac6858705bb7d74c05a3b5278504a58e2fc598975e979ac49085251119a2f4,52395713,13885580,141927,,,1,149558412190,,,,
0x321e1b81d308bebe7edd180aabda0e5b4e6f3f398536256b60b3653568929cb9,91,0x7aac6858705bb7d74c05a3b5278504a58e2fc598975e979ac49085251119a2f4,52395713,13906580,21000,,,1,149558412190,,,,
0x199d8221169cdc0e30f6b8b229bda5e9f53659297475e63f68704f9ab2f79d54,92,0x7aac6858705bb7d74c05a3b5278504a58e2fc598975e979ac49085251119a2f4,52395713,14107727,201147,,,1,149558412190,,,,
0xf716f67e49c56942b5ec7461c309c32fe2b0e0859b2cd4465a2f5734121706a6,93,0x7aac6858705bb7d74c05a3b5278504a58e2fc598975e979ac49085251119a2f4,52395713,14333317,225590,,,1,149558412190,,,,
0xf8988c90e68f7aed43300efcdf31513a14575b73c588321796eed2a17be8ff5b,94,0x7aac6858705bb7d74c05a3b5278504a58e2fc598975e979ac49085251119a2f4,52395713,14491899,158582,,,1,149558412190,,,,
0x675eafbfcf3753224f28c6a1f0ffd4293f2ae791887285e911923bbab2c7f977,95,0x7aac6858705bb7d74c05a3b5278504a58e2fc598975e979ac49085251119a2f4,52395713,14668417,176518,,,1,149558412190,,,,
0x470aed71254c3eea6a433a34e791a64bed0238556a9ddf97ee7cfed15a6be992,96,0x7aac6858705bb7d74c05a3b5278504a58e2fc598975e979ac49085251119a2f4,52395713,14843871,175454,,,1,149558412190,,,,
0xf29aaded23c9794f4e602a7d5baf95e0f9d1ef03a11bd777996dc4ef62e7a87a,97,0x7aac6858705bb7d74c05a3b5278504a58e2fc598975e979ac49085251119a2f4,52395713,14891400,47529,,,1,149558412190,,,,
0x0266238116a397a6412d6f8c954fcbcb8cd7d165a73662fb09f074a19b2e8130,98,0x7aac6858705bb7d74c05a3b5278504a58e2fc598975e979ac49085251119a2f4,52395713,14912400,21000,,,1,149558412190,,,,
0x2beff537daaec9d30205ae3de091b1b53874e513adb0c5bf9ec4a80ede65e299,99,0x7aac6858705bb7d74c05a3b5278504a58e2fc598975e979ac49085251119a2f4,52395713,14933400,21000,,,1,149558412190,,,,
0xe26f4a5a43dafd8f33e698773151cb4774af85e2356e888a7e6d2f02ee35b6f3,100,0x7aac6858705bb7d74c05a3b5278504a58e2fc598975e979ac49085251119a2f4,52395713,15164267,230867,,,1,149558412190,,,,
0x425b3a54b238ec4cecb5e3643227a53a7fbd5e4aefc76adf83a8e7afe885a1ab,101,0x7aac6858705bb7d74c05a3b5278504a58e2fc598975e979ac49085251119a2f4,52395713,15185267,21000,,,1,149558412190,,,,
0x63d51ff41ad4e7b8c08bccfcadd3cdf4f80709d2168c055e3d933e19b98066d5,102,0x7aac6858705bb7d74c05a3b5278504a58e2fc598975e979ac49085251119a2f4,52395713,15206267,21000,,,1,149558412190,,,,
0xb83d350e182444cf62a6195fe6fa2de992916dc644ab11a5b4ed64905a1263da,103,0x7aac6858705bb7d74c05a3b5278504a58e2fc598975e979ac49085251119a2f4,52395713,26814493,11608226,,,1,149558412190,,,,
0x9a4f1016bd7e91b4c41dc11bf0dc35cb34f0c263030a073ab8b014627e164150,104,0x7aac6858705bb7d74c05a3b5278504a58e2fc598975e979ac49085251119a2f4,52395713,26894047,79554,,,1,149558412190,,,,
0xa5bbb831e504c6849dd278b64c4bc6ca0e41fd795e62b22f898342e1c4fc16ec,105,0x7aac6858705bb7d74c05a3b5278504a58e2fc598975e979ac49085251119a2f4,52395713,26975564,81517,,,1,147866753765,,,,
0x82915d98b04adedb6897f10d3083471f96c7bd16429a80283476c17e543ed52f,106,0x7aac6858705bb7d74c05a3b5278504a58e2fc598975e979ac49085251119a2f4,52395713,27054722,79158,,,1,147866753765,,,,
0x13697747ed0bfe3424380619bcebfde03a17fcf3075cf773a310705dc59bb945,107,0x7aac6858705bb7d74c05a3b5278504a58e2fc598975e979ac49085251119a2f4,52395713,27269164,214442,,,1,147866753765,,,,
0x1fb46ef7093a3581c161535697cfb1db297123b9d7558d2f6aeca028a9b1e1e6,108,0x7aac6858705bb7d74c05a3b5278504a58e2fc598975e979ac49085251119a2f4,52395713,27739578,470414,,,1,147866753765,,,,
0x31c2c8e9f07875b15ed249ed1064c7fc78c9455868a82a6ecb8f015f409fb0e2,109,0x7aac6858705bb7d74c05a3b5278504a58e2fc598975e979ac49085251119a2f4,52395713,27821095,81517,,,1,147866753765,,,,
0x14da4dbf7bf3b83e359cec1457137f8d0d15aba2837bb1085821cb86b5d8fa03,110,0x7aac6858705bb7d74c05a3b5278504a58e2fc598975e979ac49085251119a2f4,52395713,27902612,81517,,,1,147866753765,,,,
0x428802a1f163489aea3826a2c43305e31ceb53ea41071d776c641f4c983e2d1b,111,0x7aac6858705bb7d74c05a3b5278504a58e2fc598975e979ac49085251119a2f4,52395713,27954684,52072,,,1,147866753765,,,,
0xfbf213a181d1dd78d3dfe19adcec168e955da2761fab025427d74e4c42d2c19f,112,0x7aac6858705bb7d74c05a3b5278504a58e2fc598975e979ac49085251119a2f4,52395713,28176360,221676,,,1,147866753765,,,,
0x6894477b7d7b8850c4aae150d828e752b80801149277bfbfea59aaef049f8401,113,0x7aac6858705bb7d74c05a3b5278504a58e2fc598975e979ac49085251119a2f4,52395713,28239912,63552,,,1,147866753765,,,,
0x4b21987a67713805b8f00e2a24c6b04207e789ee79645041092bd9cd58e1857d,114,0x7aac6858705bb7d74c05a3b5278504a58e2fc598975e979ac49085251119a2f4,52395713,28321429,81517,,,1,147866753765,,,,
0xc1ce6583b845204d43331aaece65352e9a41e6f588e635c619d59514925e23ae,115,0x7aac6858705bb7d74c05a3b5278504a58e2fc598975e979ac49085251119a2f4,52395713,28512180,190751,,,1,147866753765,,,,
0x0ef5c9571b9211ccfb55541fe38dd671fa7756f4148f37a825a9daf4657339d5,116,0x7aac6858705bb7d74c05a3b5278504a58e2fc598975e979ac49085251119a2f4,52395713,28592880,80700,,,1,147866753765,,,,
0xe21a0321e3806a469e1b1360626c8a841811f5ccb91440d754aa04bf971e7bb0,117,0x7aac6858705bb7d74c05a3b5278504a58e2fc598975e979ac49085251119a2f4,52395713,28613880,21000,,,1,147866753765,,,,
0x332e105379436398de61e543256292f42f1f4bc3e0c8f4971560ae5ba5106c7e,118,0x7aac6858705bb7d74c05a3b5278504a58e2fc598975e979ac49085251119a2f4,52395713,29016386,402506,,,1,147866753765,,,,
0xc97aa918e16dc0825c4a71a18c055d94eede8b33d020b59a96611272685add8f,119,0x7aac6858705bb7d74c05a3b5278504a58e2fc598975e979ac49085251119a2f4,52395713,29046215,29829,,,1,147866753765,,,,
0xc7063d6ed6bef2fb0c058cd1f82f1d818b1bc8a1bad9bc9dd092683e2b7be74e,120,0x7aac6858705bb7d74c05a3b5278504a58e2fc598975e979ac49085251119a2f4,52395713,29105041,58826,,,1,147866753765,,,,
0xe88d488b72a2776c48d38d0401492388b4f8ff629d7a9949202a5de2b103bd02,121,0x7aac6858705bb7d74c05a3b5278504a58e2fc598975e979ac49085251119a2f4,52395713,29184595,79554,,,1,147866753765,,,,
0xf1fc12b1a9d1bebb8633dff790873ead10db11f14d4edc80e5c7107fe68aa977,122,0x7aac6858705bb7d74c05a3b5278504a58e2fc598975e979ac49085251119a2f4,52395713,29246546,61951,,,0,147866753765,,,,
0xeb54238a0ea3cbf61ef4cf9240722087ae1c172bb250e0074404f3667ee035ac,123,0x7aac6858705bb7d74c05a3b5278504a58e2fc598975e979ac49085251119a2f4,52395713,29313225,66679,,,1,147815969764,,,,
0xe33809678f381fbc3d11a3b2b1c575c91804c4c6bace83be44885545230a24e4,124,0x7aac6858705bb7d74c05a3b5278504a58e2fc598975e979ac49085251119a2f4,52395713,29677221,363996,,,1,147548412190,,,,
0x78c68101898074eb119309122570ceabe88523a74a9df4aa112f56fb2079b426,125,0x7aac6858705bb7d74c05a3b5278504a58e2fc598975e979ac49085251119a2f4,52395713,29946279,269058,,,1,147548412190,,,,
0x0e6a612a126a040825ea14cfa00c8746e027f158756ecf343ed6b8937b3dac87,126,0x7aac6858705bb7d74c05a3b5278504a58e2fc598975e979ac49085251119a2f4,52395713,29992376,46097,,,1,147548412190,,,,
0x66056abcf285cb7d78ce714bf4c4e074a0f0b3a8dcb00adb2d4cf17c75f4a6e9,0,0x4d2e946f2ca89bebc1ac7eceaa777b6309d82ea455134b837beecb1bf2213e46,52395714,125834,125834,,,1,389891453830,,,,
0x3ed47c27b9787c6aed62b92ccfc5097dd30772b57f344f2d862658b322047449,1,0x4d2e946f2ca89bebc1ac7eceaa777b6309d82ea455134b837beecb1bf2213e46,52395714,182445,56611,,,1,350525954769,,,,
0x1f07d45b683c5613f339c27828396258dc9f3905a46ff55183be9f06c9dc7702,2,0x4d2e946f2ca89bebc1ac7eceaa777b6309d82ea455134b837beecb1bf2213e46,52395714,221968,39523,,,1,355697909292,,,,
0xa13df24d433befaabd6e84cf1e7d7fc0711acc98a959a3c5c17e4c5271d1050d,3,0x4d2e946f2ca89bebc1ac7eceaa777b6309d82ea455134b837beecb1bf2213e46,52395714,396808,174840,,,1,314367165132,,,,
0x6dc62a5bbaad8929c314d945328f8a596ff9f92bc96a8e1be4a3b6ddcaafcedd,4,0x4d2e946f2ca89bebc1ac7eceaa777b6309d82ea455134b837beecb1bf2213e46,52395714,573521,176713,,,1,313248996710,,,,
0xe863af97da62c7b50a5279e72dca8c69c1814f2cf5303e4ad8c1ea23bbf5c07e,5,0x4d2e946f2ca89bebc1ac7eceaa777b6309d82ea455134b837beecb1bf2213e46,52395714,682387,108866,,,1,297891453830,,,,
0x841ec8c712192e04ff967646d344d938114501f330b153c0cb30b3a823c7fe7c,6,0x4d2e946f2ca89bebc1ac7eceaa777b6309d82ea455134b837beecb1bf2213e46,52395714,901643,219256,,,1,296268622676,,,,
0x09bac223a9629d1c0cbe9ca59e1e8dcab43725199a7e45cc5a84cf23787b25c4,7,0x4d2e946f2ca89bebc1ac7eceaa777b6309d82ea455134b837beecb1bf2213e46,52395714,1001600,99957,,,1,296268622676,,,,
0xae4b4bbcd2b0290dae6bdadca3ad777e83acdd944d60ff29e61237a214328888,8,0x4d2e946f2ca89bebc1ac7eceaa777b6309d82ea455134b837beecb1bf2213e46,52395714,1054939,53339,,,1,295621453830,,,,
0x5722a56a3fcd6822f06405a0e3204df2a22ce7b62091a611ea199d7ea21fc919,9,0x4d2e946f2ca89bebc1ac7eceaa777b6309d82ea455134b837beecb1bf2213e46,52395714,1088378,33439,,,1,295611453830,,,,
0x0902ed05bafd14d5db4d0da5788e1fdb0f56eae8d2652711117bb353fa262599,10,0x4d2e946f2ca89bebc1ac7eceaa777b6309d82ea455134b837beecb1bf2213e46,52395714,1167671,79293,,,1,286155061195,,,,
0x40b0812fbb6e9ff3e2319c38d42094d34fc7bf4ed445187aac058b63f40810df,11,0x4d2e946f2ca89bebc1ac7eceaa777b6309d82ea455134b837beecb1bf2213e46,52395714,1244653,76982,,,1,279092454141,,,,
0x54d0540cb22b126d182f7630fefc12b9fea96fb7d5b340b183fca4c79cedfac9,12,0x4d2e946f2ca89bebc1ac7eceaa777b6309d82ea455134b837beecb1bf2213e46,52395714,1298862,54209,,,1,277548222222,,,,
0x4d2f9c8049c62f30046e13ddfdf0708ef2f28021f7be32083df36ff44fcc0edd,13,0x4d2e946f2ca89bebc1ac7eceaa777b6309d82ea455134b837beecb1bf2213e46,52395714,2369235,1070373,,,1,276768556570,,,,
0x37f2e4b5fd9e8e8eadb392e5fb9e3eb51ddef33ebf48f0e9fdb1b9dad6fc8ade,14,0x4d2e946f2ca89bebc1ac7eceaa777b6309d82ea455134b837beecb1bf2213e46,52395714,2423444,54209,,,1,272707423594,,,,
0x015982228857ad3f0789ff18d65c578d87358ddc6b03637c03fe914291bf2c1b,15,0x4d2e946f2ca89bebc1ac7eceaa777b6309d82ea455134b837beecb1bf2213e46,52395714,2477665,54221,,,1,272707423594,,,,
0xcda19f9c4ef62a23fd50afc20fbda66b2b99931db966f52dae5a66c66191f805,16,0x4d2e946f2ca89bebc1ac7eceaa777b6309d82ea455134b837beecb1bf2213e46,52395714,2531886,54221,,,1,272707423594,,,,
0x3857f8d813cb028299e159a1caa400fcc5b85ff2b00cba3c4e576da6b5a7db07,17,0x4d2e946f2ca89bebc1ac7eceaa777b6309d82ea455134b837beecb1bf2213e46,52395714,2608868,76982,,,1,272707423594,,,,
0xc96fd8aedbc34d5923dabfc2acdc93ba9e71d1fab57e62bcdcdf375e9add7fbe,18,0x4d2e946f2ca89bebc1ac7eceaa777b6309d82ea455134b837beecb1bf2213e46,52395714,2663077,54209,,,1,272707423594,,,,
0xfcd9d3364a07040e5e4f5cf641f9b99e498e880f087de76067ef25c8fb6a4a68,19,0x4d2e946f2ca89bebc1ac7eceaa777b6309d82ea455134b837beecb1bf2213e46,52395714,2758646,95569,,,1,272070061862,,,,
0xbfa07bdfa2eb41d4bc81bad58cc568307702415ec98f801a0018e3bdf2e0831d,20,0x4d2e946f2ca89bebc1ac7eceaa777b6309d82ea455134b837beecb1bf2213e46,52395714,2837939,79293,,,1,272070061862,,,,
0xb546d34a6e3867f0f092262b547b4efcc84f5b0d090a92b29d46f29af4965d53,21,0x4d2e946f2ca89bebc1ac7eceaa777b6309d82ea455134b837beecb1bf2213e46,52395714,2914921,76982,,,1,272070061862,,,,
0xdd247918b5024b3463794b3b7d950cface524c4b2fc9088223e021392bef0aef,22,0x4d2e946f2ca89bebc1ac7eceaa777b6309d82ea455134b837beecb1bf2213e46,52395714,2964863,49942,,,0,270983438753,,,,
0xe0022bbe8cbd971eea7ad9522b9e09afacbb351f8b9d0642a039c528dea8e594,23,0x4d2e946f2ca89bebc1ac7eceaa777b6309d82ea455134b837beecb1bf2213e46,52395714,3041845,76982,,,1,270983438753,,,,
0x5149005af5407e5b7916f38e7823b03ced1564cfb5f5c91314007dc5bc1ecb0a,24,0x4d2e946f2ca89bebc1ac7eceaa777b6309d82ea455134b837beecb1bf2213e46,52395714,3091787,49942,,,0,270983438753,,,,
0x29bc36e049ebe7931710cb2317c7998547bcda53eaa197ac7e7ec23ed7546acc,25,0x4d2e946f2ca89bebc1ac7eceaa777b6309d82ea455134b837beecb1bf2213e46,52395714,3268308,176521,,,1,261801989642,,,,
0x63e023c9505eb425f249045233374218f84e2a84626a6624122414fa264cb90b,26,0x4d2e946f2ca89bebc1ac7eceaa777b6309d82ea455134b837beecb1bf2213e46,52395714,3445009,176701,,,1,253120190091,,,,
0x16e2751a35af5b902a6d97f87e464e508adec615b02e86b85966cc6aee6fb35a,27,0x4d2e946f2ca89bebc1ac7eceaa777b6309d82ea455134b837beecb1bf2213e46,52395714,3621734,176725,,,1,253120190091,,,,
0x2b29e9270f79b35be65c961b1c040c42aec4fed1ce42dea0a1cb1aaebc65cb47,28,0x4d2e946f2ca89bebc1ac7eceaa777b6309d82ea455134b837beecb1bf2213e46,52395714,3798245,176511,,,1,253120190091,,,,
0x826c6fc915f124e4ef18c7d6b3cbdaec29cc20831f8690f2e3f9034f4f70e301,29,0x4d2e946f2ca89bebc1ac7eceaa777b6309d82ea455134b837beecb1bf2213e46,52395714,3974574,176329,,,1,253120190091,,,,
0x6f7e022ac3a1c31987f23c86796d50d6e8ef4975137908d5bd59c152eca8f766,30,0x4d2e946f2ca89bebc1ac7eceaa777b6309d82ea455134b837beecb1bf2213e46,52395714,4150905,176331,,,1,253120190091,,,,
0x8b06688d147545b404928906e194496bc155605403bb770ffe99c8c5ac631ee6,31,0x4d2e946f2ca89bebc1ac7eceaa777b6309d82ea455134b837beecb1bf2213e46,52395714,4327426,176521,,,1,253120190091,,,,
0x5f8cfe446e74e0c9d14251e9d48494f6916aacd931b16d47db11499b8af45914,32,0x4d2e946f2ca89bebc1ac7eceaa777b6309d82ea455134b837beecb1bf2213e46,52395714,4503935,176509,,,1,253120190091,,,,
0xea7fd54c45f90c27113653da3a6cee0e755251bce1598894e66531e2ec80fb0d,33,0x4d2e946f2ca89bebc1ac7eceaa777b6309d82ea455134b837beecb1bf2213e46,52395714,4680456,176521,,,1,253120190091,,,,
0xf2c831404bd398b7a82d30665330c0cf5323e9915669928d5aabf0249443ee42,34,0x4d2e946f2ca89bebc1ac7eceaa777b6309d82ea455134b837beecb1bf2213e46,52395714,4856965,176509,,,1,253120190091,,,,
0x886fa2c05a01ec418783e31b456ed6a75354adeda2bce74acf9b478c94a08a4c,35,0x4d2e946f2ca89bebc1ac7eceaa777b6309d82ea455134b837beecb1bf2213e46,52395714,5230819,373854,,,1,243360253830,,,,
0x8b4126b3a5e7f6a174e11520c89ed671b5f67a710380f5f5df2462b18f82ae24,36,0x4d2e946f2ca89bebc1ac7eceaa777b6309d82ea455134b837beecb1bf2213e46,52395714,5604685,373866,,,1,243360253830,,,,
0xfdbe8af78c386ef3a79255cd82036ebb39526423d6642112372020c033dd07b1,37,0x4d2e946f2ca89bebc1ac7eceaa777b6309d82ea455134b837beecb1bf2213e46,52395714,5875951,271266,,,1,243360253830,,,,
0xf786642ceac2abad866f279ede5907e895c06b0af13a51efe730e033fed92b61,38,0x4d2e946f2ca89bebc1ac7eceaa777b6309d82ea455134b837beecb1bf2213e46,52395714,5916157,40206,,,1,235800000000,,,,
0x199ea2b92178ac75c1b04efd3e78d09c96e26afd387633b4aa51421c5215b301,39,0x4d2e946f2ca89bebc1ac7eceaa777b6309d82ea455134b837beecb1bf2213e46,52395714,5950840,34683,,,1,228551618014,,,,
0x0ef05eab9dd92cbbe3f2d0ff5c1e2f2d59a2055888c28bcfeddc9ee1b1a8aa74,40,0x4d2e946f2ca89bebc1ac7eceaa777b6309d82ea455134b837beecb1bf2213e46,52395714,5985523,34683,,,1,228551618014,,,,
0xa4afd4af2aa70b1ea93b2569381b83ff5eb317a491dd7c67e6a143973a84a0fa,41,0x4d2e946f2ca89bebc1ac7eceaa777b6309d82ea455134b837beecb1bf2213e46,52395714,6162044,176521,,,1,225436296746,,,,
0x0ca71105602bbd89d270262d7eb437d82bcc6509cde2168c48ae66756e1c7649,42,0x4d2e946f2ca89bebc1ac7eceaa777b6309d82ea455134b837beecb1bf2213e46,52395714,6183044,21000,,,1,222201467007,,,,
0x882bb1e7840edcb9f1325461a175fc6b30850261a759f2e286ecba8ccf142db9,43,0x4d2e946f2ca89bebc1ac7eceaa777b6309d82ea455134b837beecb1bf2213e46,52395714,6235538,52494,,,1,215000000000,,,,
0xe59bab7accf193dc9626dd7d867f6590f0b842e7a2e48c1b875295d96fb43ba3,44,0x4d2e946f2ca89bebc1ac7eceaa777b6309d82ea455134b837beecb1bf2213e46,52395714,6310446,74908,,,1,210549453830,,,,
0x7b77f920c4f0bfc9de25bebc2902c36efa472e017eeadf747f447b1059afec8f,45,0x4d2e946f2ca89bebc1ac7eceaa777b6309d82ea455134b837beecb1bf2213e46,52395714,6385450,75004,,,1,210054513611,,,,
0xb0bcaaaa0f4e545d0ee4301d3207cbe40cdce7c3bddabc1c297d4eec367abfb4,46,0x4d2e946f2ca89bebc1ac7eceaa777b6309d82ea455134b837beecb1bf2213e46,52395714,6460589,75139,,,1,210054513611,,,,
0xada18bae2a50845c69880eafd615a81baa616994a2d4a75826c4b585107043bf,47,0x4d2e946f2ca89bebc1ac7eceaa777b6309d82ea455134b837beecb1bf2213e46,52395714,6496011,35422,,,1,205768196287,,,,
0x659a4407ec9002889282e15474dc8246f93a5761759ad55e26524da09201bcc7,48,0x4d2e946f2ca89bebc1ac7eceaa777b6309d82ea455134b837beecb1bf2213e46,52395714,6601251,105240,,,1,198134311338,,,,
0xec241cd135dca230292c4e14b331452519912a5ab7b846eb34ac8be63a33a9cc,49,0x4d2e946f2ca89bebc1ac7eceaa777b6309d82ea455134b837beecb1bf2213e46,52395714,6706508,105257,,,1,198134311338,,,,
0x4cb113496263fc4d0c60130f22dc018b65b899e10593fb1e122d6781c2f799b7,50,0x4d2e946f2ca89bebc1ac7eceaa777b6309d82ea455134b837beecb1bf2213e46,52395714,6811736,105228,,,1,198134311338,,,,
0x08084c160b9360a4f8c2fe3cecaab7dc8f1ffaa10b76fcf58b3299b4b47ad5b1,51,0x4d2e946f2ca89bebc1ac7eceaa777b6309d82ea455134b837beecb1bf2213e46,52395714,6916964,105228,,,1,198134311338,,,,
0xd10ecbea35f635d4d88345595178183df9a1950542c3b89283eca0960d42e0ae,52,0x4d2e946f2ca89bebc1ac7eceaa777b6309d82ea455134b837beecb1bf2213e46,52395714,7022221,105257,,,1,198134311338,,,,
0xa657c8850d073c42ff9ab7a30699d3117ae63eabf6007b1e6629f58c961b3447,53,0x4d2e946f2ca89bebc1ac7eceaa777b6309d82ea455134b837beecb1bf2213e46,52395714,7127461,105240,,,1,198134311338,,,,
0xccdd49d0edc123ca7c4f9ff4d6375420f2fbc30a0f96730675c3b660774a0804,54,0x4d2e946f2ca89bebc1ac7eceaa777b6309d82ea455134b837beecb1bf2213e46,52395714,7201699,74238,,,1,191000000000,,,,
0x2d38337869bf630ba58cd93b42758d4a5cf1621eb6c81b3ecc353183160b3400,55,0x4d2e946f2ca89bebc1ac7eceaa777b6309d82ea455134b837beecb1bf2213e46,52395714,7259005,57306,,,1,186891453830,,,,
0xa0ee83d3ab635ddfff7fd119836d593f4b9f9cc7354a581c0dba43f60d8ec9ce,56,0x4d2e946f2ca89bebc1ac7eceaa777b6309d82ea455134b837beecb1bf2213e46,52395714,7316323,57318,,,1,186891453830,,,,
0xa319bd99f853a27572fc481cf3237a790f65a7725047a83cf1cb606664209927,57,0x4d2e946f2ca89bebc1ac7eceaa777b6309d82ea455134b837beecb1bf2213e46,52395714,7356529,40206,,,1,186891453830,,,,
0x8e2e49e04cd2f0150d9d9c057b3a6331e9f8f71212ff4021528171ac4c9d28c5,58,0x4d2e946f2ca89bebc1ac7eceaa777b6309d82ea455134b837beecb1bf2213e46,52395714,7413847,57318,,,1,186891453830,,,,
0xecd0e90198fd5ff2c66496d4befc466370c6f566168fe3716faed0f8b9745c89,59,0x4d2e946f2ca89bebc1ac7eceaa777b6309d82ea455134b837beecb1bf2213e46,52395714,7471153,57306,,,1,186891453830,,,,
0x9717f9c01eab9e2a6f008c36eae5233001a26dd38d0855276fbdc8e12b278856,60,0x4d2e946f2ca89bebc1ac7eceaa777b6309d82ea455134b837beecb1bf2213e46,52395714,7594852,123699,,,1,185000000000,,,,
0x8358f05ff489c50dcc93f76716e0235ad80a5e999e56405468492cb98feb208b,61,0x4d2e946f2ca89bebc1ac7eceaa777b6309d82ea455134b837beecb1bf2213e46,52395714,7710646,115794,,,1,185000000000,,,,
0xfed8cc662201352c8d091e08eecf094f97beec404004ac8a869db07655284801,62,0x4d2e946f2ca89bebc1ac7eceaa777b6309d82ea455134b837beecb1bf2213e46,52395714,7762984,52338,,,1,185000000000,,,,
0xdb0df9531871ff8ae08336b3ff393de5a735f6e50a1674af37a4fff500a712f0,63,0x4d2e946f2ca89bebc1ac7eceaa777b6309d82ea455134b837beecb1bf2213e46,52395714,8718757,955773,,,1,183696873819,,,,
0xe2bf17f73b781a1825e3cdeca47b161d6af940d191576f20e7e94f693c1188e1,64,0x4d2e946f2ca89bebc1ac7eceaa777b6309d82ea455134b837beecb1bf2213e46,52395714,8798311,79554,,,1,177254260278,,,,
0xc0d335b41280aa72b980edc300ef116b8a40ba386276d26d6b5918c12bbfd80f,65,0x4d2e946f2ca89bebc1ac7eceaa777b6309d82ea455134b837beecb1bf2213e46,52395714,8934506,136195,,,1,175110728371,,,,
0x143e71c39d6b6058a1cd9786bda4fe8d057a0d21baeed133d46b8135ad2de5f1,66,0x4d2e946f2ca89bebc1ac7eceaa777b6309d82ea455134b837beecb1bf2213e46,52395714,8991812,57306,,,1,174891453830,,,,
0x45466cbbfd4ef0c4c749ae7a6e830c205dc0d64fe2569a1af8c231a50ab50970,67,0x4d2e946f2ca89bebc1ac7eceaa777b6309d82ea455134b837beecb1bf2213e46,52395714,9456861,465049,,,1,162246644567,,,,
0x2a5027e98898384097f8cb1edfd84bfefbf7a417e51be257d17338830ca243c2,68,0x4d2e946f2ca89bebc1ac7eceaa777b6309d82ea455134b837beecb1bf2213e46,52395714,9477861,21000,,,1,162105453830,,,,
0x58daf2a81551383c3ba583206b6d808af7ff51e231fca84087251e5e90b1b6f4,69,0x4d2e946f2ca89bebc1ac7eceaa777b6309d82ea455134b837beecb1bf2213e46,52395714,9513267,35406,,,1,162105453830,,,,
0x657fe900a227d7631695d7c8e88fe48c3940b9d24f454ed1c589d7efb552e1d6,70,0x4d2e946f2ca89bebc1ac7eceaa777b6309d82ea455134b837beecb1bf2213e46,52395714,9588403,75136,,,1,159531453830,,,,
0xff6b3ef3852900cfa9670d8ab86c9775db8d8b6d720daa63603ee6353f6c4aff,71,0x4d2e946f2ca89bebc1ac7eceaa777b6309d82ea455134b837beecb1bf2213e46,52395714,9617319,28916,,,1,157000000000,,,,
0x09be583029ee1f781e0cae5dd238fb15441fe8dd90df2fe876a5d81335ab3319,72,0x4d2e946f2ca89bebc1ac7eceaa777b6309d82ea455134b837beecb1bf2213e46,52395714,9829607,212288,,,1,156901453830,,,,
0x92c06a91bd4397605d362529e8c25fa19e78b65e8aac118083140ebb79d0bc39,73,0x4d2e946f2ca89bebc1ac7eceaa777b6309d82ea455134b837beecb1bf2213e46,52395714,9909161,79554,,,1,156901453830,,,,
0x8d245bd1894090cba454193fae7509ac08d81174bbbf97a32bd8acdad7172cab,74,0x4d2e946f2ca89bebc1ac7eceaa777b6309d82ea455134b837beecb1bf2213e46,52395714,10140028,230867,,,1,156901453830,,,,
0xb4da5e8d3709f2c9d904ea747f2b69c629bb8df2dbcf9a208c5e032c4744e7db,75,0x4d2e946f2ca89bebc1ac7eceaa777b6309d82ea455134b837beecb1bf2213e46,52395714,10298610,158582,,,1,156901453830,,,,
0xa8b62e9325568ba503abb2d05794bfd179d4112410138db66c7767691543665f,76,0x4d2e946f2ca89bebc1ac7eceaa777b6309d82ea455134b837beecb1bf2213e46,52395714,10529477,230867,,,1,156901453830,,,,
0x7d2c1b31872ae0dd7a5bc8e2635f6c93eb6c68f5a9d95039c69187373c468a30,77,0x4d2e946f2ca89bebc1ac7eceaa777b6309d82ea455134b837beecb1bf2213e46,52395714,10609031,79554,,,1,156901453830,,,,
0x38a782e48435ea8460e8029195d2c38e18d338c32e9be1c4a880189d6ef427ce,78,0x4d2e946f2ca89bebc1ac7eceaa777b6309d82ea455134b837beecb1bf2213e46,52395714,10839874,230843,,,1,155209795405,,,,
0x2b207f51350bdedbd8fbb48ed34f1f1c6a0147ba71c710592d4d6784dee2220a,79,0x4d2e946f2ca89bebc1ac7eceaa777b6309d82ea455134b837beecb1bf2213e46,52395714,10998456,158582,,,1,155209795405,,,,
0x75f3aaf86a3bca89515e49d4a795a7eab1d3da04ee5de436d135cd4c4a4c0b2e,80,0x4d2e946f2ca89bebc1ac7eceaa777b6309d82ea455134b837beecb1bf2213e46,52395714,11115637,117181,,,1,155209795405,,,,
0xf8cd598bcf7f1ca6607d532dea512e9f2b75ebe2fb7dc3d46b831738ae386e05,81,0x4d2e946f2ca89bebc1ac7eceaa777b6309d82ea455134b837beecb1bf2213e46,52395714,11224853,109216,,,1,155209795405,,,,
0x513b88ed2b6ebec08d5e36d2b9aab1f5285bef6721985a466361e0fa3d9f8800,82,0x4d2e946f2ca89bebc1ac7eceaa777b6309d82ea455134b837beecb1bf2213e46,52395714,11304407,79554,,,1,155209795405,,,,
0x3a179024fa280a8390fbeef196241013a22feaa5460b77fa2e1039e0fc89b1dd,83,0x4d2e946f2ca89bebc1ac7eceaa777b6309d82ea455134b837beecb1bf2213e46,52395714,11385924,81517,,,1,155209795405,,,,
0x8811ad9deebe0d6862046b2dc086defc6523093cb3641940ffbf523191c9a07c,84,0x4d2e946f2ca89bebc1ac7eceaa777b6309d82ea455134b837beecb1bf2213e46,52395714,13192428,1806504,,,1,155209795404,,,,
0x59cd11464d8b5fd003a646ef5c9f6f1d935de4f58fef54f42fa45f4b259e6943,85,0x4d2e946f2ca89bebc1ac7eceaa777b6309d82ea455134b837beecb1bf2213e46,52395714,13249734,57306,,,1,154891453830,,,,
0x89e72e6f2cf5e262a66108b30b52beecb7788b32be66b8d6d005b6bc1879b858,86,0x4d2e946f2ca89bebc1ac7eceaa777b6309d82ea455134b837beecb1bf2213e46,52395714,13474504,224770,,,1,154891453830,,,,
0x64e1ff108e1c5bf2626b69490be27baabc3755057d64e2786d38be773272731a,87,0x4d2e946f2ca89bebc1ac7eceaa777b6309d82ea455134b837beecb1bf2213e46,52395714,13528221,53717,,,1,154891453830,,,,
0x594b78f23f474338abfa3b8b80cd8f6d1dd1b067ccdfe8303f2e94bdda370bcc,88,0x4d2e946f2ca89bebc1ac7eceaa777b6309d82ea455134b837beecb1bf2213e46,52395714,13705714,177493,,,1,154891453830,,,,
0x0139702d2c13268f8d0e01b001b766aae298d9efb38a6cf596f896ed3ee0ea53,89,0x4d2e946f2ca89bebc1ac7eceaa777b6309d82ea455134b837beecb1bf2213e46,52395714,13763012,57298,,,1,148134311338,,,,
0x9248db376100bdcbe141788ac692632583f734bdd09bb7e7ba4464ff636f595c,90,0x4d2e946f2ca89bebc1ac7eceaa777b6309d82ea455134b837beecb1bf2213e46,52395714,13809464,46452,,,1,147815969764,,,,
0xb5133c25af02110805b31fc19b7b140137ee7939ab738041957ec0c0a1311f3c,91,0x4d2e946f2ca89bebc1ac7eceaa777b6309d82ea455134b837beecb1bf2213e46,52395714,13948042,138578,,,1,147815969764,,,,
